[
  { "name": "Afghanistan", "code": "AF" },
  { "name": "Albania", "code": "AL" },
  { "name": "Algeria", "code": "DZ" },
  { "name": "American Samoa", "code": "AS" },
  { "name": "Andorra", "code": "AD" },
  { "name": "Angola", "code": "AO" },
  { "name": "Anguilla", "code": "AI" },
  { "name": "Antarctica", "code": "AQ" },
  { "name": "Antigua and Barbuda", "code": "AG" },
  { "name": "Argentina", "code": "AR" },
  { "name": "Armenia", "code": "AM" },
  { "name": "Aruba", "code": "AW" },
  { "name": "Australia", "code": "AU" },
  { "name": "Azerbaijan", "code": "AZ" },
  { "name": "Bahamas", "code": "BS" },
  { "name": "Bahrain", "code": "BH" },
  { "name": "Bangladesh", "code": "BD" },
  { "name": "Barbados", "code": "BB" },
  { "name": "Belgium", "code": "BE" },
  { "name": "Belize", "code": "BZ" },
  { "name": "Benin", "code": "BJ" },
  { "name": "Bermuda", "code": "BM" },
  { "name": "Bhutan", "code": "BT" },
  { "name": "Bolivia", "code": "BO" },
  { "name": "Bosnia and Herzegovina", "code": "BA" },
  { "name": "Botswana", "code": "BW" },
  { "name": "Bouvet Island", "code": "BV" },
  { "name": "Brazil", "code": "BR" },
  { "name": "Brunei Darussalam", "code": "BN" },
  { "name": "Bulgaria", "code": "BG" },
  { "name": "Burkina Faso", "code": "BF" },
  { "name": "Burundi", "code": "BI" },
  { "name": "Canada", "code": "CA" },
  { "name": "Cayman Islands", "code": "KY" },
  { "name": "Chile", "code": "CL" },
  { "name": "Colombia", "code": "CO" },
  { "name": "Cook Islands", "code": "CK" },
  { "name": "Costa Rica", "code": "CR" },
  { "name": "Cuba", "code": "CU" },
  { "name": "Curaçao", "code": "CW" },
  { "name": "Denmark", "code": "DK" },
  { "name": "United Arab Emirates", "code": "AE" },
  { "name": "Netherlands Antilles", "code": "AN" },
  { "name": "Dominican Republic", "code": "DO" },
  { "name": "Central African Republic", "code": "CF" },
  { "name": "Djibouti", "code": "DJ" },
  { "name": "Dominica", "code": "DM" },
  { "name": "Ecuador", "code": "EC" },
  { "name": "Egypt", "code": "EG" },
  { "name": "Equatorial Guinea", "code": "GQ" },
  { "name": "El Salvador", "code": "SV" },
  { "name": "Côte d'Ivoire", "code": "CI" },
  { "name": "Eritrea", "code": "ER" },
  { "name": "Estonia", "code": "EE" },
  { "name": "Ethiopia", "code": "ET" },
  { "name": "Falkland Islands (Malvinas)", "code": "FK" },
  { "name": "Fiji", "code": "FJ" },
  { "name": "Philippines", "code": "PH" },
  { "name": "Finland", "code": "FI" },
  { "name": "France", "code": "FR" },
  { "name": "French Guiana", "code": "GF" },
  { "name": "French Polynesia", "code": "PF" },
  { "name": "Faroe Islands", "code": "FO" },
  { "name": "Gabon", "code": "GA" },
  { "name": "Gambia", "code": "GM" },
  { "name": "Georgia", "code": "GE" },
  { "name": "Ghana", "code": "GH" },
  { "name": "Gibraltar", "code": "GI" },
  { "name": "Grenada", "code": "GD" },
  { "name": "Greenland", "code": "GL" },
  { "name": "Guadeloupe", "code": "GP" },
  { "name": "Guam", "code": "GU" },
  { "name": "Guatemala", "code": "GT" },
  { "name": "Guernsey", "code": "GG" },
  { "name": "Guinea", "code": "GN" },
  { "name": "Guinea-Bissau", "code": "GW" },
  { "name": "Guyana", "code": "GY" },
  { "name": "Haiti", "code": "HT" },
  { "name": "Heard Island and McDonald Islands", "code": "HM" },
  { "name": "Greece", "code": "GR" },
  { "name": "Honduras", "code": "HN" },
  { "name": "Hong Kong", "code": "HK" },
  { "name": "Belarus", "code": "BY" },
  { "name": "India", "code": "IN" },
  { "name": "Indonesia", "code": "ID" },
  { "name": "Iraq", "code": "IQ" },
  { "name": "Iran, Islamic Republic of", "code": "IR" },
  { "name": "Ireland", "code": "IE" },
  { "name": "Iceland", "code": "IS" },
  { "name": "Israel", "code": "IL" },
  { "name": "Italy", "code": "IT" },
  { "name": "Jamaica", "code": "JM" },
  { "name": "Japan", "code": "JP" },
  { "name": "Yemen", "code": "YE" },
  { "name": "Jersey", "code": "JE" },
  { "name": "Jordan", "code": "JO" },
  { "name": "Virgin Islands, U.S.", "code": "VI" },
  { "name": "Virgin Islands, British", "code": "VG" },
  { "name": "Cambodia", "code": "KH" },
  { "name": "Cameroon", "code": "CM" },
  { "name": "Cape Verde", "code": "CV" },
  { "name": "Kazakhstan", "code": "KZ" },
  { "name": "Kenya", "code": "KE" },
  { "name": "China", "code": "CN" },
  { "name": "Kyrgyzstan", "code": "KG" },
  { "name": "Kiribati", "code": "KI" },
  { "name": "Cocos (Keeling) Islands", "code": "CC" },
  { "name": "Comoros", "code": "KM" },
  { "name": "Congo", "code": "CG" },
  { "name": "Congo, the Democratic Republic of the", "code": "CD" },
  { "name": "Croatia", "code": "HR" },
  { "name": "Kuwait", "code": "KW" },
  { "name": "Cyprus", "code": "CY" },
  { "name": "Lao People's Democratic Republic", "code": "LA" },
  { "name": "Latvia", "code": "LV" },
  { "name": "Lesotho", "code": "LS" },
  { "name": "Lebanon", "code": "LB" },
  { "name": "Liberia", "code": "LR" },
  { "name": "Libya", "code": "LY" },
  { "name": "Liechtenstein", "code": "LI" },
  { "name": "Lithuania", "code": "LT" },
  { "name": "Luxembourg", "code": "LU" },
  { "name": "Macao", "code": "MO" },
  { "name": "Madagascar", "code": "MG" },
  { "name": "Malawi", "code": "MW" },
  { "name": "Malaysia", "code": "MY" },
  { "name": "Maldives", "code": "MV" },
  { "name": "Mali", "code": "ML" },
  { "name": "Malta", "code": "MT" },
  { "name": "Isle of Man", "code": "IM" },
  { "name": "Morocco", "code": "MA" },
  { "name": "Marshall Islands", "code": "MH" },
  { "name": "Martinique", "code": "MQ" },
  { "name": "Mauritania", "code": "MR" },
  { "name": "Mauritius", "code": "MU" },
  { "name": "Mayotte", "code": "YT" },
  { "name": "Mexico", "code": "MX" },
  { "name": "Micronesia, Federated States of", "code": "FM" },
  { "name": "Moldova, Republic of", "code": "MD" },
  { "name": "Monaco", "code": "MC" },
  { "name": "Mongolia", "code": "MN" },
  { "name": "Montenegro", "code": "ME" },
  { "name": "Montserrat", "code": "MS" },
  { "name": "Mozambique", "code": "MZ" },
  { "name": "Myanmar", "code": "MM" },
  { "name": "Namibia", "code": "NA" },
  { "name": "Nauru", "code": "NR" },
  { "name": "Netherlands", "code": "NL" },
  { "name": "Nepal", "code": "NP" },
  { "name": "New Zealand", "code": "NZ" },
  { "name": "Nicaragua", "code": "NI" },
  { "name": "Niger", "code": "NE" },
  { "name": "Nigeria", "code": "NG" },
  { "name": "Niue", "code": "NU" },
  { "name": "Korea, Democratic People's Republic of", "code": "KP" },
  { "name": "North Macedonia", "code": "MK" },
  { "name": "Northern Mariana Islands", "code": "MP" },
  { "name": "Norfolk Island", "code": "NF" },
  { "name": "Norway", "code": "NO" },
  { "name": "New Caledonia", "code": "NC" },
  { "name": "Oman", "code": "OM" },
  { "name": "Pakistan", "code": "PK" },
  { "name": "Palau", "code": "PW" },
  { "name": "Palestine, State of", "code": "PS" },
  { "name": "Panama", "code": "PA" },
  { "name": "Papua New Guinea", "code": "PG" },
  { "name": "Paraguay", "code": "PY" },
  { "name": "Peru", "code": "PE" },
  { "name": "Pitcairn", "code": "PN" },
  { "name": "Poland", "code": "PL" },
  { "name": "Portugal", "code": "PT" },
  { "name": "Puerto Rico", "code": "PR" },
  { "name": "Qatar", "code": "QA" },
  { "name": "Réunion", "code": "RE" },
  { "name": "Romania", "code": "RO" },
  { "name": "Russian Federation", "code": "RU" },
  { "name": "Rwanda", "code": "RW" },
  { "name": "Saint Barthélemy", "code": "BL" },
  { "name": "Saint Martin (French part)", "code": "MF" },
  { "name": "Saint Pierre and Miquelon", "code": "PM" },
  { "name": "Solomon Islands", "code": "SB" },
  { "name": "Samoa", "code": "WS" },
  { "name": "San Marino", "code": "SM" },
  { "name": "Sao Tome and Principe", "code": "ST" },
  { "name": "Saudi Arabia", "code": "SA" },
  { "name": "Senegal", "code": "SN" },
  { "name": "Serbia", "code": "RS" },
  { "name": "Seychelles", "code": "SC" },
  { "name": "Sierra Leone", "code": "SL" },
  { "name": "Singapore", "code": "SG" },
  { "name": "Sint Maarten (Dutch part)", "code": "SX" },
  { "name": "Slovakia", "code": "SK" },
  { "name": "Slovenia", "code": "SI" },
  { "name": "Somalia", "code": "SO" },
  { "name": "Spain", "code": "ES" },
  { "name": "Sri Lanka", "code": "LK" },
  { "name": "Saint Helena, Ascension and Tristan da Cunha", "code": "SH" },
  { "name": "Saint Kitts and Nevis", "code": "KN" },
  { "name": "Saint Lucia", "code": "LC" },
  { "name": "Saint Vincent and the Grenadines", "code": "VC" },
  { "name": "United Kingdom", "code": "GB" },
  { "name": "Sudan", "code": "SD" },
  { "name": "Suriname", "code": "SR" },
  { "name": "Svalbard and Jan Mayen", "code": "SJ" },
  { "name": "Switzerland", "code": "CH" },
  { "name": "Sweden", "code": "SE" },
  { "name": "Eswatini", "code": "SZ" },
  { "name": "Syrian Arab Republic", "code": "SY" },
  { "name": "South Africa", "code": "ZA" },
  { "name": "South Georgia and the South Sandwich Islands", "code": "GS" },
  { "name": "Korea, Republic of", "code": "KR" },
  { "name": "South Sudan", "code": "SS" },
  { "name": "Tajikistan", "code": "TJ" },
  { "name": "Taiwan, Province of China", "code": "TW" },
  { "name": "Tanzania, United Republic of", "code": "TZ" },
  { "name": "Thailand", "code": "TH" },
  { "name": "Togo", "code": "TG" },
  { "name": "Tokelau", "code": "TK" },
  { "name": "Tonga", "code": "TO" },
  { "name": "Trinidad and Tobago", "code": "TT" },
  { "name": "Chad", "code": "TD" },
  { "name": "Czech Republic", "code": "CZ" },
  { "name": "Tunisia", "code": "TN" },
  { "name": "Turkmenistan", "code": "TM" },
  { "name": "Turks and Caicos Islands", "code": "TC" },
  { "name": "Tuvalu", "code": "TV" },
  { "name": "Turkey", "code": "TR" },
  { "name": "Germany", "code": "DE" },
  { "name": "United States", "code": "US" },
  { "name": "Uganda", "code": "UG" },
  { "name": "Ukraine", "code": "UA" },
  { "name": "Hungary", "code": "HU" },
  { "name": "Uruguay", "code": "UY" },
  { "name": "Uzbekistan", "code": "UZ" },
  { "name": "Vanuatu", "code": "VU" },
  { "name": "Holy See (Vatican City State)", "code": "VA" },
  { "name": "Venezuela, Bolivarian Republic of", "code": "VE" },
  { "name": "Western Sahara", "code": "EH" },
  { "name": "Viet Nam", "code": "VN" },
  { "name": "Wallis and Futuna", "code": "WF" },
  { "name": "Zambia", "code": "ZM" },
  { "name": "Zimbabwe", "code": "ZW" },
  { "name": "Austria", "code": "AT" },
  { "name": "Timor-Leste", "code": "TL" },
  { "name": "Åland Islands", "code": "AX" }
]